N,Nx,FP_ARITH,WALLTIME_MEAN,WALLTIME_STDDEV
32,32,"373,131",0.0050097230799999995,0.0004712920733393185
32,64,"1,298,155",0.01191204808,0.001041980408621618
64,32,"433,931",0.0049484984,0.0002058508890056101
64,64,"1,358,955",0.011335026399999998,0.0003364202250781008
